57,Calls,63
58,Calls,63
59,Calls,63
60,Calls,63
61,Calls,63
62,Calls,63
68,Calls,107
69,Calls,107
70,Calls,114
71,Calls,114
72,Calls,74
73,Calls,74
82,Calls,68
82,Calls,67
83,Calls,110
83,Calls,67
83,Calls,84
83,Calls,76
85,Calls,56
86,Calls,52
87,Calls,109
88,Calls,109
88,Calls,112
90,Calls,67
90,Calls,92
91,Calls,69
91,Calls,67
91,Calls,92
93,Calls,117
93,Calls,79
94,Calls,117
94,Calls,54
95,Calls,117
95,Calls,80
97,Calls,117
97,Calls,119
97,Calls,99
97,Calls,58
98,Calls,117
98,Calls,120
98,Calls,99
98,Calls,58
100,Calls,70
100,Calls,57
101,Calls,62
102,Calls,61
103,Calls,58
104,Calls,117
105,Calls,117
111,Calls,112
114,Calls,115
52,Uses,22
52,Uses,18
52,Uses,15
53,Uses,22
53,Uses,13
54,Uses,22
54,Uses,13
55,Uses,22
55,Uses,13
57,Uses,22
57,Uses,14
58,Uses,22
58,Uses,14
59,Uses,22
59,Uses,14
60,Uses,22
60,Uses,14
61,Uses,1
61,Uses,22
61,Uses,12
61,Uses,14
62,Uses,22
62,Uses,1
62,Uses,12
62,Uses,14
63,Uses,22
63,Uses,14
64,Uses,14
64,Uses,22
65,Uses,14
65,Uses,16
66,Uses,14
66,Uses,22
67,Uses,18
68,Uses,9
68,Uses,22
69,Uses,6
69,Uses,22
69,Uses,11
70,Uses,19
70,Uses,22
70,Uses,26
71,Uses,26
71,Uses,20
72,Uses,48
72,Uses,44
73,Uses,44
75,Uses,44
76,Uses,22
79,Uses,25
80,Uses,25
81,Uses,25
82,Uses,9
82,Uses,22
82,Uses,18
83,Uses,41
83,Uses,22
83,Uses,18
83,Uses,17
83,Uses,48
84,Uses,17
86,Uses,22
87,Uses,22
88,Uses,22
88,Uses,50
89,Uses,15
90,Uses,22
90,Uses,18
90,Uses,17
91,Uses,22
91,Uses,11
91,Uses,6
91,Uses,18
91,Uses,17
92,Uses,17
93,Uses,22
93,Uses,42
93,Uses,26
93,Uses,25
94,Uses,22
94,Uses,26
94,Uses,13
95,Uses,22
95,Uses,26
96,Uses,13
97,Uses,22
97,Uses,26
97,Uses,28
98,Uses,22
98,Uses,26
99,Uses,14
100,Uses,19
100,Uses,22
100,Uses,26
101,Uses,22
101,Uses,1
102,Uses,22
102,Uses,1
103,Uses,22
104,Uses,22
104,Uses,20
105,Uses,22
106,Uses,14
107,Persists,22
108,Persists,22
109,Persists,22
110,Persists,22
111,Persists,23
112,Persists,23
113,Persists,23
114,Persists,26
115,Persists,26
115,Persists,27
116,Persists,26
117,Persists,26
118,Persists,26
119,Persists,28
120,Persists,28
121,Persists,28
6,References,22
6,References,11
12,References,14
13,References,15
14,References,15
26,References,27
46,Extends,47
47,References,44
