findById(ArticleQueryService),Calls,fillExtraInfo(ArticleQueryService)
findBySlug(ArticleQueryService),Calls,fillExtraInfo(ArticleQueryService)
findRecentArticlesWithCursor(ArticleQueryService),Calls,fillExtraInfo(ArticleQueryService)
findUserFeedWithCursor(ArticleQueryService),Calls,fillExtraInfo(ArticleQueryService)
findRecentArticles(ArticleQueryService),Calls,fillExtraInfo(ArticleQueryService)
findUserFeed(ArticleQueryService),Calls,fillExtraInfo(ArticleQueryService)
createUser(UserService),Calls,save(MyBatisUserRepository)
updateUser(UserService),Calls,save(MyBatisUserRepository)
createArticle(ArticleCommandService),Calls,save(MyBatisArticleRepository)
updateArticle(ArticleCommandService),Calls,save(MyBatisArticleRepository)
onException(GraphQLCustomizeExceptionHandler),Calls,getParam(GraphQLCustomizeExceptionHandler)
getErrorsAsData(GraphQLCustomizeExceptionHandler),Calls,getParam(GraphQLCustomizeExceptionHandler)
createUser(UsersApi),Calls,createUser(UserService)
createUser(UsersApi),Calls,findById(UserQueryService)
userLogin(UsersApi),Calls,findByEmail(MyBatisUserRepository)
userLogin(UsersApi),Calls,findById(UserQueryService)
userLogin(UsersApi),Calls,userResponse(UsersApi)
userLogin(UsersApi),Calls,toToken(DefaultJwtService)
userResponse(UsersApi),Calls,put(UsersApi)
getTags(TagsApi),Calls,put(TagsApi)
getTags(TagsApi),Calls,allTags(TagsQueryService)
getProfile(ProfileApi),Calls,findByUsername(ProfileQueryService)
follow(ProfileApi),Calls,findByUsername(MyBatisUserRepository)
unfollow(ProfileApi),Calls,findByUsername(MyBatisUserRepository)
unfollow(ProfileApi),Calls,findRelation(MyBatisUserRepository)
profileResponse(ProfileApi),Calls,put(ProfileApi)
currentUser(CurrentUserApi),Calls,findById(UserQueryService)
currentUser(CurrentUserApi),Calls,userResponse(CurrentUserApi)
updateProfile(CurrentUserApi),Calls,updateUser(UserService)
updateProfile(CurrentUserApi),Calls,findById(UserQueryService)
updateProfile(CurrentUserApi),Calls,userResponse(CurrentUserApi)
userResponse(CurrentUserApi),Calls,put(CurrentUserApi)
createComment(CommentsApi),Calls,findBySlug(MyBatisArticleRepository)
createComment(CommentsApi),Calls,save(MyBatisCommentRepository)
getComments(CommentsApi),Calls,findBySlug(MyBatisArticleRepository)
getComments(CommentsApi),Calls,findByArticleId(CommentQueryService)
getComments(CommentsApi),Calls,put(CommentsApi)
deleteComment(CommentsApi),Calls,findBySlug(MyBatisArticleRepository)
deleteComment(CommentsApi),Calls,findById(MyBatisCommentRepository)
commentResponse(CommentsApi),Calls,put(CommentsApi)
favoriteArticle(ArticleFavoriteApi),Calls,findBySlug(MyBatisArticleRepository)
favoriteArticle(ArticleFavoriteApi),Calls,save(MyBatisArticleFavoriteRepository)
favoriteArticle(ArticleFavoriteApi),Calls,responseArticleData(ArticleFavoriteApi)
favoriteArticle(ArticleFavoriteApi),Calls,findBySlug(ArticleQueryService)
unfavoriteArticle(ArticleFavoriteApi),Calls,findBySlug(MyBatisArticleRepository)
unfavoriteArticle(ArticleFavoriteApi),Calls,find(MyBatisArticleFavoriteRepository)
unfavoriteArticle(ArticleFavoriteApi),Calls,responseArticleData(ArticleFavoriteApi)
unfavoriteArticle(ArticleFavoriteApi),Calls,findBySlug(ArticleQueryService)
responseArticleData(ArticleFavoriteApi),Calls,put(ArticleFavoriteApi)
createArticle(ArticlesApi),Calls,createArticle(ArticleCommandService)
createArticle(ArticlesApi),Calls,put(ArticlesApi)
createArticle(ArticlesApi),Calls,findById(ArticleQueryService)
getFeed(ArticlesApi),Calls,findUserFeed(ArticleQueryService)
getArticles(ArticlesApi),Calls,findRecentArticles(ArticleQueryService)
article(ArticleApi),Calls,findBySlug(ArticleQueryService)
updateArticle(ArticleApi),Calls,findBySlug(MyBatisArticleRepository)
deleteArticle(ArticleApi),Calls,findBySlug(MyBatisArticleRepository)
articleResponse(ArticleApi),Calls,put(ArticleApi)
saveRelation(MyBatisUserRepository),Calls,findRelation(MyBatisUserRepository)
save(MyBatisArticleRepository),Calls,createNew(MyBatisArticleRepository)
findByUsername(ProfileQueryService),Uses,User
findByUsername(ProfileQueryService),Uses,UserData
findByUsername(ProfileQueryService),Uses,ProfileData
findById(CommentQueryService),Uses,User
findById(CommentQueryService),Uses,CommentData
findByArticleId(CommentQueryService),Uses,User
findByArticleId(CommentQueryService),Uses,CommentData
findByArticleIdWithCursor(CommentQueryService),Uses,User
findByArticleIdWithCursor(CommentQueryService),Uses,CommentData
findById(ArticleQueryService),Uses,User
findById(ArticleQueryService),Uses,ArticleData
findBySlug(ArticleQueryService),Uses,User
findBySlug(ArticleQueryService),Uses,ArticleData
findRecentArticlesWithCursor(ArticleQueryService),Uses,User
findRecentArticlesWithCursor(ArticleQueryService),Uses,ArticleData
findUserFeedWithCursor(ArticleQueryService),Uses,User
findUserFeedWithCursor(ArticleQueryService),Uses,ArticleData
findRecentArticles(ArticleQueryService),Uses,Page
findRecentArticles(ArticleQueryService),Uses,User
findRecentArticles(ArticleQueryService),Uses,ArticleDataList
findRecentArticles(ArticleQueryService),Uses,ArticleData
findUserFeed(ArticleQueryService),Uses,User
findUserFeed(ArticleQueryService),Uses,Page
findUserFeed(ArticleQueryService),Uses,ArticleDataList
findUserFeed(ArticleQueryService),Uses,ArticleData
fillExtraInfo(ArticleQueryService),Uses,User
fillExtraInfo(ArticleQueryService),Uses,ArticleData
setIsFollowingAuthor(ArticleQueryService),Uses,ArticleData
setIsFollowingAuthor(ArticleQueryService),Uses,User
setFavoriteCount(ArticleQueryService),Uses,ArticleData
setFavoriteCount(ArticleQueryService),Uses,ArticleFavoriteCount
setIsFavorite(ArticleQueryService),Uses,ArticleData
setIsFavorite(ArticleQueryService),Uses,User
findById(UserQueryService),Uses,UserData
createUser(UserService),Uses,RegisterParam
createUser(UserService),Uses,User
updateUser(UserService),Uses,UpdateUserCommand
updateUser(UserService),Uses,User
updateUser(UserService),Uses,UpdateUserParam
createArticle(ArticleCommandService),Uses,NewArticleParam
createArticle(ArticleCommandService),Uses,User
createArticle(ArticleCommandService),Uses,Article
updateArticle(ArticleCommandService),Uses,Article
updateArticle(ArticleCommandService),Uses,UpdateArticleParam
onException(GraphQLCustomizeExceptionHandler),Uses,InvalidAuthenticationException
onException(GraphQLCustomizeExceptionHandler),Uses,FieldErrorResource
getErrorsAsData(GraphQLCustomizeExceptionHandler),Uses,FieldErrorResource
errorsToMap(GraphQLCustomizeExceptionHandler),Uses,FieldErrorResource
toToken(DefaultJwtService),Uses,User
save(MyBatisCommentRepository),Uses,Comment
findById(MyBatisCommentRepository),Uses,Comment
remove(MyBatisCommentRepository),Uses,Comment
createUser(UsersApi),Uses,RegisterParam
createUser(UsersApi),Uses,User
createUser(UsersApi),Uses,UserData
userLogin(UsersApi),Uses,LoginParam
userLogin(UsersApi),Uses,User
userLogin(UsersApi),Uses,UserData
userLogin(UsersApi),Uses,UserWithToken
userLogin(UsersApi),Uses,InvalidAuthenticationException
userResponse(UsersApi),Uses,UserWithToken
getProfile(ProfileApi),Uses,User
follow(ProfileApi),Uses,User
unfollow(ProfileApi),Uses,User
unfollow(ProfileApi),Uses,ResourceNotFoundException
profileResponse(ProfileApi),Uses,ProfileData
currentUser(CurrentUserApi),Uses,User
currentUser(CurrentUserApi),Uses,UserData
currentUser(CurrentUserApi),Uses,UserWithToken
updateProfile(CurrentUserApi),Uses,User
updateProfile(CurrentUserApi),Uses,UpdateUserParam
updateProfile(CurrentUserApi),Uses,UpdateUserCommand
updateProfile(CurrentUserApi),Uses,UserData
updateProfile(CurrentUserApi),Uses,UserWithToken
userResponse(CurrentUserApi),Uses,UserWithToken
createComment(CommentsApi),Uses,User
createComment(CommentsApi),Uses,NewCommentParam
createComment(CommentsApi),Uses,Article
createComment(CommentsApi),Uses,Comment
getComments(CommentsApi),Uses,User
getComments(CommentsApi),Uses,Article
getComments(CommentsApi),Uses,CommentData
deleteComment(CommentsApi),Uses,User
deleteComment(CommentsApi),Uses,Article
commentResponse(CommentsApi),Uses,CommentData
favoriteArticle(ArticleFavoriteApi),Uses,User
favoriteArticle(ArticleFavoriteApi),Uses,Article
favoriteArticle(ArticleFavoriteApi),Uses,ArticleFavorite
unfavoriteArticle(ArticleFavoriteApi),Uses,User
unfavoriteArticle(ArticleFavoriteApi),Uses,Article
responseArticleData(ArticleFavoriteApi),Uses,ArticleData
createArticle(ArticlesApi),Uses,NewArticleParam
createArticle(ArticlesApi),Uses,User
createArticle(ArticlesApi),Uses,Article
getFeed(ArticlesApi),Uses,User
getFeed(ArticlesApi),Uses,Page
getArticles(ArticlesApi),Uses,User
getArticles(ArticlesApi),Uses,Page
article(ArticleApi),Uses,User
updateArticle(ArticleApi),Uses,User
updateArticle(ArticleApi),Uses,UpdateArticleParam
deleteArticle(ArticleApi),Uses,User
articleResponse(ArticleApi),Uses,ArticleData
save(MyBatisUserRepository),Persists,User
findById(MyBatisUserRepository),Persists,User
findByUsername(MyBatisUserRepository),Persists,User
findByEmail(MyBatisUserRepository),Persists,User
saveRelation(MyBatisUserRepository),Persists,FollowRelation
findRelation(MyBatisUserRepository),Persists,FollowRelation
removeRelation(MyBatisUserRepository),Persists,FollowRelation
save(MyBatisArticleRepository),Persists,Article
createNew(MyBatisArticleRepository),Persists,Article
createNew(MyBatisArticleRepository),Persists,Tag
findById(MyBatisArticleRepository),Persists,Article
findBySlug(MyBatisArticleRepository),Persists,Article
remove(MyBatisArticleRepository),Persists,Article
save(MyBatisArticleFavoriteRepository),Persists,ArticleFavorite
find(MyBatisArticleFavoriteRepository),Persists,ArticleFavorite
remove(MyBatisArticleFavoriteRepository),Persists,ArticleFavorite
UpdateUserCommand,References,User
UpdateUserCommand,References,UpdateUserParam
ArticleDataList,References,ArticleData
CommentData,References,ProfileData
ArticleData,References,ProfileData
Article,References,Tag
ErrorResourceSerializer,Extends,ErrorResource
ErrorResource,References,FieldErrorResource
