106,Calls,110
115,Calls,113
105,Persists,40
106,Persists,28
106,Persists,40
107,Persists,40
107,Persists,43
110,Persists,28
110,Persists,40
111,Persists,32
111,Persists,40
112,Persists,40
113,Persists,40
114,Persists,28
114,Persists,40
115,Persists,40
116,Persists,28
116,Persists,40
117,Persists,28
117,Persists,40
1,Extends,15
2,References,28
2,Extends,4
3,Extends,15
5,Extends,15
6,Extends,15
7,Extends,15
8,Extends,15
9,Extends,15
10,Extends,15
11,Extends,15
12,Extends,15
13,References,28
13,Extends,17
14,Extends,15
15,References,28
15,Extends,4
17,Extends,32
18,Extends,22
19,Extends,4
21,References,28
21,Extends,22
22,Extends,20
23,References,19
24,References,27
24,References,24
26,References,26
29,References,29
32,References,28
33,References,24
33,Extends,32
34,References,30
34,Extends,32
35,References,31
35,Extends,32
36,Extends,32
37,References,29
37,Extends,32
38,References,31
38,Extends,32
39,References,25
39,References,40
40,References,28
40,References,31
40,References,30
40,References,29
40,References,32
40,References,24
40,References,25
40,References,26
41,Extends,42
42,References,32
42,References,28
42,References,32
42,Extends,45
44,Extends,42
45,References,32
61,Extends,31
66,References,65
70,References,88
71,References,40
71,References,76
72,References,95
87,References,71
87,References,69
87,References,95
83,Extends,36
85,Extends,84
86,Extends,84
88,References,95
88,References,45
89,References,32
90,References,98
90,Extends,32
91,References,28
91,References,28
92,References,76
92,References,99
93,References,76
93,References,99
94,References,93
94,References,91
94,Extends,32
96,References,92
96,References,91
96,Extends,32
102,References,76
103,References,76
103,References,99
107,Calls,117
110,Calls,118
