loadPetWithVisit(VisitController),Calls,findById(OwnerRepository)
processNewVisitForm(VisitController),Calls,save(OwnerRepository)
populatePetTypes(PetController),Calls,findPetTypes(OwnerRepository)
findOwner(PetController),Calls,findById(OwnerRepository)
processCreationForm(PetController),Calls,save(OwnerRepository)
processUpdateForm(PetController),Calls,save(OwnerRepository)
findOwner(OwnerController),Calls,findById(OwnerRepository)
processCreationForm(OwnerController),Calls,save(OwnerRepository)
processFindForm(OwnerController),Calls,findPaginatedForOwnersLastName(OwnerController)
processFindForm(OwnerController),Calls,addPaginationModel(OwnerController)
findPaginatedForOwnersLastName(OwnerController),Calls,findByLastName(OwnerRepository)
initUpdateOwnerForm(OwnerController),Calls,findById(OwnerRepository)
processUpdateOwnerForm(OwnerController),Calls,save(OwnerRepository)
showOwner(OwnerController),Calls,findById(OwnerRepository)
showVetList(VetController),Calls,findPaginated(VetController)
showVetList(VetController),Calls,addPaginationModel(VetController)
findPaginated(VetController),Calls,findAll(VetRepository)
findPetTypes(OwnerRepository),Persists,PetType
findByLastName(OwnerRepository),Persists,Owner
findById(OwnerRepository),Persists,Owner
save(OwnerRepository),Persists,Owner
findAll(OwnerRepository),Persists,Owner
findAll(VetRepository),Persists,Vet
loadPetWithVisit(VisitController),Uses,Owner
loadPetWithVisit(VisitController),Uses,Pet
loadPetWithVisit(VisitController),Uses,Visit
processNewVisitForm(VisitController),Uses,Owner
processNewVisitForm(VisitController),Uses,Visit
populatePetTypes(PetController),Uses,PetType
findOwner(PetController),Uses,Owner
findPet(PetController),Uses,Pet
initCreationForm(PetController),Uses,Owner
initCreationForm(PetController),Uses,Pet
processCreationForm(PetController),Uses,Owner
processCreationForm(PetController),Uses,Pet
initUpdateForm(PetController),Uses,Owner
initUpdateForm(PetController),Uses,Pet
processUpdateForm(PetController),Uses,Pet
processUpdateForm(PetController),Uses,Owner
findOwner(OwnerController),Uses,Owner
initCreationForm(OwnerController),Uses,Owner
processCreationForm(OwnerController),Uses,Owner
initFindForm(OwnerController),Uses,Owner
processFindForm(OwnerController),Uses,Owner
addPaginationModel(OwnerController),Uses,Owner
findPaginatedForOwnersLastName(OwnerController),Uses,Owner
initUpdateOwnerForm(OwnerController),Uses,Owner
processUpdateOwnerForm(OwnerController),Uses,Owner
showOwner(OwnerController),Uses,Owner
showVetList(VetController),Uses,Vets
showVetList(VetController),Uses,Vet
addPaginationModel(VetController),Uses,Vet
findPaginated(VetController),Uses,Vet
showResourcesVetList(VetController),Uses,Vets
Owner,References,Pet
Owner,Extends,Person
Visit,Extends,BaseEntity
Pet,References,PetType
Pet,References,Visit
Pet,Extends,NamedEntity
PetType,Extends,NamedEntity
Specialty,Extends,NamedEntity
Vets,References,Vet
Vet,References,Specialty
Vet,Extends,Person
Person,Extends,BaseEntity
NamedEntity,Extends,BaseEntity
